sep=,
media_type,stream_index,key_frame,pkt_pts,pkt_pts_time,pkt_dts,pkt_dts_time,best_effort_timestamp,best_effort_timestamp_time,pkt_duration,pkt_duration_time,pkt_pos,pkt_size,width,height,pix_fmt,sample_aspect_ratio,pict_type,coded_picture_number,display_picture_number,interlaced_frame,top_field_first,repeat_pict,color_range,color_space,color_primaries,color_transfer,chroma_location
video,0,1,0,0.000000,0,0.000000,0,0.000000,1024,0.066667,17584,1649,320,240,yuv420p,1:1,I,0,0,0,0,0,unknown,unknown,unknown,unknown,left
video,0,0,1024,0.066667,1024,0.066667,1024,0.066667,1024,0.066667,19233,49,320,240,yuv420p,1:1,P,1,0,0,0,0,unknown,unknown,unknown,unknown,left
video,0,0,2048,0.133333,2048,0.133333,2048,0.133333,1024,0.066667,20970,30,320,240,yuv420p,1:1,B,3,0,0,0,0,unknown,unknown,unknown,unknown,left
video,0,0,3072,0.200000,3072,0.200000,3072,0.200000,1024,0.066667,19614,49,320,240,yuv420p,1:1,P,2,0,0,0,0,unknown,unknown,unknown,unknown,left
video,0,0,4096,0.266667,4096,0.266667,4096,0.266667,1024,0.066667,23044,26,320,240,yuv420p,1:1,B,5,0,0,0,0,unknown,unknown,unknown,unknown,left
video,0,0,5120,0.333333,5120,0.333333,5120,0.333333,1024,0.066667,22012,65,320,240,yuv420p,1:1,P,4,0,0,0,0,unknown,unknown,unknown,unknown,left
video,0,0,6144,0.400000,6144,0.400000,6144,0.400000,1024,0.066667,26317,29,320,240,yuv420p,1:1,B,8,0,0,0,0,unknown,unknown,unknown,unknown,left
video,0,0,7168,0.466667,7168,0.466667,7168,0.466667,1024,0.066667,25240,38,320,240,yuv420p,1:1,B,7,0,0,0,0,unknown,unknown,unknown,unknown,left
video,0,0,8192,0.533333,8192,0.533333,8192,0.533333,1024,0.066667,27377,26,320,240,yuv420p,1:1,B,9,0,0,0,0,unknown,unknown,unknown,unknown,left
video,0,0,9216,0.600000,9216,0.600000,9216,0.600000,1024,0.066667,24100,92,320,240,yuv420p,1:1,P,6,0,0,0,0,unknown,unknown,unknown,unknown,left
video,0,0,10240,0.666667,10240,0.666667,10240,0.666667,1024,0.066667,31027,21,320,240,yuv420p,1:1,B,12,0,0,0,0,unknown,unknown,unknown,unknown,left
video,0,0,11264,0.733333,11264,0.733333,11264,0.733333,1024,0.066667,29972,45,320,240,yuv420p,1:1,B,11,0,0,0,0,unknown,unknown,unknown,unknown,left
video,0,0,12288,0.800000,12288,0.800000,12288,0.800000,1024,0.066667,32078,22,320,240,yuv420p,1:1,B,13,0,0,0,0,unknown,unknown,unknown,unknown,left
video,0,0,13312,0.866667,13312,0.866667,13312,0.866667,1024,0.066667,28403,140,320,240,yuv420p,1:1,P,10,0,0,0,0,unknown,unknown,unknown,unknown,left
video,0,0,14336,0.933333,14336,0.933333,14336,0.933333,1024,0.066667,34326,26,320,240,yuv420p,1:1,B,15,0,0,0,0,unknown,unknown,unknown,unknown,left
video,0,0,15360,1.000000,15360,1.000000,15360,1.000000,1024,0.066667,35392,29,320,240,yuv420p,1:1,B,16,0,0,0,0,unknown,unknown,unknown,unknown,left
video,0,0,16384,1.066667,16384,1.066667,16384,1.066667,1024,0.066667,33128,163,320,240,yuv420p,1:1,P,14,0,0,0,0,unknown,unknown,unknown,unknown,left
video,0,0,17408,1.133333,17408,1.133333,17408,1.133333,1024,0.066667,39025,22,320,240,yuv420p,1:1,B,19,0,0,0,0,unknown,unknown,unknown,unknown,left
video,0,0,18432,1.200000,18432,1.200000,18432,1.200000,1024,0.066667,37610,62,320,240,yuv420p,1:1,B,18,0,0,0,0,unknown,unknown,unknown,unknown,left
video,0,0,19456,1.266667,19456,1.266667,19456,1.266667,1024,0.066667,40066,32,320,240,yuv420p,1:1,B,20,0,0,0,0,unknown,unknown,unknown,unknown,left
video,0,0,20480,1.333333,20480,1.333333,20480,1.333333,1024,0.066667,36441,162,320,240,yuv420p,1:1,P,17,0,0,0,0,unknown,unknown,unknown,unknown,left
video,0,0,21504,1.400000,21504,1.400000,21504,1.400000,1024,0.066667,43492,47,320,240,yuv420p,1:1,B,23,0,0,0,0,unknown,unknown,unknown,unknown,left
video,0,0,22528,1.466667,22528,1.466667,22528,1.466667,1024,0.066667,42395,75,320,240,yuv420p,1:1,B,22,0,0,0,0,unknown,unknown,unknown,unknown,left
video,0,0,23552,1.533333,23552,1.533333,23552,1.533333,1024,0.066667,44548,55,320,240,yuv420p,1:1,B,24,0,0,0,0,unknown,unknown,unknown,unknown,left
video,0,0,24576,1.600000,24576,1.600000,24576,1.600000,1024,0.066667,41114,216,320,240,yuv420p,1:1,P,21,0,0,0,0,unknown,unknown,unknown,unknown,left
video,0,0,25600,1.666667,25600,1.666667,25600,1.666667,1024,0.066667,46853,49,320,240,yuv420p,1:1,B,26,0,0,0,0,unknown,unknown,unknown,unknown,left
video,0,0,26624,1.733333,26624,1.733333,26624,1.733333,1024,0.066667,45618,181,320,240,yuv420p,1:1,P,25,0,0,0,0,unknown,unknown,unknown,unknown,left
video,0,0,27648,1.800000,27648,1.800000,27648,1.800000,1024,0.066667,50572,31,320,240,yuv420p,1:1,B,29,0,0,0,0,unknown,unknown,unknown,unknown,left
video,0,0,28672,1.866667,28672,1.866667,28672,1.866667,1024,0.066667,49470,47,320,240,yuv420p,1:1,B,28,0,0,0,0,unknown,unknown,unknown,unknown,left
video,0,0,29696,1.933333,29696,1.933333,29696,1.933333,1024,0.066667,51631,20,320,240,yuv420p,1:1,B,30,0,0,0,0,unknown,unknown,unknown,unknown,left
video,0,0,30720,2.000000,30720,2.000000,30720,2.000000,1024,0.066667,48276,191,320,240,yuv420p,1:1,P,27,0,0,0,0,unknown,unknown,unknown,unknown,left
video,0,0,31744,2.066667,31744,2.066667,31744,2.066667,1024,0.066667,54865,20,320,240,yuv420p,1:1,B,33,0,0,0,0,unknown,unknown,unknown,unknown,left
video,0,0,32768,2.133333,32768,2.133333,32768,2.133333,1024,0.066667,53835,26,320,240,yuv420p,1:1,B,32,0,0,0,0,unknown,unknown,unknown,unknown,left
video,0,0,33792,2.200000,33792,2.200000,33792,2.200000,1024,0.066667,55904,14,320,240,yuv420p,1:1,B,34,0,0,0,0,unknown,unknown,unknown,unknown,left
video,0,0,34816,2.266667,34816,2.266667,34816,2.266667,1024,0.066667,52694,149,320,240,yuv420p,1:1,P,31,0,0,0,0,unknown,unknown,unknown,unknown,left
video,0,0,35840,2.333333,35840,2.333333,35840,2.333333,1024,0.066667,59586,19,320,240,yuv420p,1:1,B,37,0,0,0,0,unknown,unknown,unknown,unknown,left
video,0,0,36864,2.400000,36864,2.400000,36864,2.400000,1024,0.066667,58558,20,320,240,yuv420p,1:1,B,36,0,0,0,0,unknown,unknown,unknown,unknown,left
video,0,0,37888,2.466667,37888,2.466667,37888,2.466667,1024,0.066667,60634,12,320,240,yuv420p,1:1,B,38,0,0,0,0,unknown,unknown,unknown,unknown,left
video,0,0,38912,2.533333,38912,2.533333,38912,2.533333,1024,0.066667,57337,168,320,240,yuv420p,1:1,P,35,0,0,0,0,unknown,unknown,unknown,unknown,left
video,0,0,39936,2.600000,39936,2.600000,39936,2.600000,1024,0.066667,62875,14,320,240,yuv420p,1:1,B,40,0,0,0,0,unknown,unknown,unknown,unknown,left
video,0,0,40960,2.666667,40960,2.666667,40960,2.666667,1024,0.066667,63865,12,320,240,yuv420p,1:1,B,41,0,0,0,0,unknown,unknown,unknown,unknown,left
video,0,0,41984,2.733333,41984,2.733333,41984,2.733333,1024,0.066667,61712,112,320,240,yuv420p,1:1,P,39,0,0,0,0,unknown,unknown,unknown,unknown,left
video,0,0,43008,2.800000,43008,2.800000,43008,2.800000,1024,0.066667,67402,12,320,240,yuv420p,1:1,B,44,0,0,0,0,unknown,unknown,unknown,unknown,left
video,0,0,44032,2.866667,44032,2.866667,44032,2.866667,1024,0.066667,66369,14,320,240,yuv420p,1:1,B,43,0,0,0,0,unknown,unknown,unknown,unknown,left
video,0,0,45056,2.933333,45056,2.933333,45056,2.933333,1024,0.066667,68425,12,320,240,yuv420p,1:1,B,45,0,0,0,0,unknown,unknown,unknown,unknown,left
video,0,0,46080,3.000000,46080,3.000000,46080,3.000000,1024,0.066667,64899,105,320,240,yuv420p,1:1,P,42,0,0,0,0,unknown,unknown,unknown,unknown,left
video,0,0,47104,3.066667,47104,3.066667,47104,3.066667,1024,0.066667,70590,15,320,240,yuv420p,1:1,B,47,0,0,0,0,unknown,unknown,unknown,unknown,left
video,0,0,48128,3.133333,48128,3.133333,48128,3.133333,1024,0.066667,71637,12,320,240,yuv420p,1:1,B,48,0,0,0,0,unknown,unknown,unknown,unknown,left
video,0,0,49152,3.200000,49152,3.200000,49152,3.200000,1024,0.066667,69452,86,320,240,yuv420p,1:1,P,46,0,0,0,0,unknown,unknown,unknown,unknown,left
video,0,0,50176,3.266667,50176,3.266667,50176,3.266667,1024,0.066667,75084,14,320,240,yuv420p,1:1,B,51,0,0,0,0,unknown,unknown,unknown,unknown,left
video,0,0,51200,3.333333,51200,3.333333,51200,3.333333,1024,0.066667,73744,14,320,240,yuv420p,1:1,B,50,0,0,0,0,unknown,unknown,unknown,unknown,left
video,0,0,52224,3.400000,52224,3.400000,52224,3.400000,1024,0.066667,76105,12,320,240,yuv420p,1:1,B,52,0,0,0,0,unknown,unknown,unknown,unknown,left
video,0,0,53248,3.466667,53248,3.466667,53248,3.466667,1024,0.066667,72665,70,320,240,yuv420p,1:1,P,49,0,0,0,0,unknown,unknown,unknown,unknown,left
video,0,0,54272,3.533333,54272,3.533333,54272,3.533333,1024,0.066667,79244,14,320,240,yuv420p,1:1,B,55,0,0,0,0,unknown,unknown,unknown,unknown,left
video,0,0,55296,3.600000,55296,3.600000,55296,3.600000,1024,0.066667,78215,15,320,240,yuv420p,1:1,B,54,0,0,0,0,unknown,unknown,unknown,unknown,left
video,0,0,56320,3.666667,56320,3.666667,56320,3.666667,1024,0.066667,80329,12,320,240,yuv420p,1:1,B,56,0,0,0,0,unknown,unknown,unknown,unknown,left
video,0,0,57344,3.733333,57344,3.733333,57344,3.733333,1024,0.066667,77126,61,320,240,yuv420p,1:1,P,53,0,0,0,0,unknown,unknown,unknown,unknown,left
video,0,0,58368,3.800000,58368,3.800000,58368,3.800000,1024,0.066667,82442,14,320,240,yuv420p,1:1,B,58,0,0,0,0,unknown,unknown,unknown,unknown,left
video,0,0,59392,3.866667,59392,3.866667,59392,3.866667,1024,0.066667,83814,12,320,240,yuv420p,1:1,B,59,0,0,0,0,unknown,unknown,unknown,unknown,left
video,0,0,60416,3.933333,60416,3.933333,60416,3.933333,1024,0.066667,81377,54,320,240,yuv420p,1:1,P,57,0,0,0,0,unknown,unknown,unknown,unknown,left
video,0,0,61440,4.000000,61440,4.000000,61440,4.000000,1024,0.066667,84843,62,320,240,yuv420p,1:1,P,60,0,0,0,0,unknown,unknown,unknown,unknown,left
video,0,0,62464,4.066667,62464,4.066667,62464,4.066667,1024,0.066667,85932,59,320,240,yuv420p,1:1,P,61,0,0,0,0,unknown,unknown,unknown,unknown,left
video,0,0,63488,4.133333,63488,4.133333,63488,4.133333,1024,0.066667,89204,27,320,240,yuv420p,1:1,B,64,0,0,0,0,unknown,unknown,unknown,unknown,left
video,0,0,64512,4.200000,64512,4.200000,64512,4.200000,1024,0.066667,88130,48,320,240,yuv420p,1:1,B,63,0,0,0,0,unknown,unknown,unknown,unknown,left
video,0,0,65536,4.266667,65536,4.266667,65536,4.266667,1024,0.066667,90272,33,320,240,yuv420p,1:1,B,65,0,0,0,0,unknown,unknown,unknown,unknown,left
video,0,0,66560,4.333333,66560,4.333333,66560,4.333333,1024,0.066667,87030,78,320,240,yuv420p,1:1,P,62,0,0,0,0,unknown,unknown,unknown,unknown,left
video,0,0,67584,4.400000,67584,4.400000,67584,4.400000,1024,0.066667,91351,94,320,240,yuv420p,1:1,P,66,0,0,0,0,unknown,unknown,unknown,unknown,left
video,0,0,68608,4.466667,68608,4.466667,68608,4.466667,1024,0.066667,92824,44,320,240,yuv420p,1:1,P,67,0,0,0,0,unknown,unknown,unknown,unknown,left
video,0,0,69632,4.533333,69632,4.533333,69632,4.533333,1024,0.066667,93892,49,320,240,yuv420p,1:1,P,68,0,0,0,0,unknown,unknown,unknown,unknown,left
video,0,0,70656,4.600000,70656,4.600000,70656,4.600000,1024,0.066667,96013,12,320,240,yuv420p,1:1,B,70,0,0,0,0,unknown,unknown,unknown,unknown,left
video,0,0,71680,4.666667,71680,4.666667,71680,4.666667,1024,0.066667,94959,46,320,240,yuv420p,1:1,P,69,0,0,0,0,unknown,unknown,unknown,unknown,left
video,0,0,72704,4.733333,72704,4.733333,72704,4.733333,1024,0.066667,97064,38,320,240,yuv420p,1:1,P,71,0,0,0,0,unknown,unknown,unknown,unknown,left
video,0,0,73728,4.800000,73728,4.800000,73728,4.800000,1024,0.066667,99202,12,320,240,yuv420p,1:1,B,73,0,0,0,0,unknown,unknown,unknown,unknown,left
video,0,0,74752,4.866667,74752,4.866667,74752,4.866667,1024,0.066667,98156,45,320,240,yuv420p,1:1,P,72,0,0,0,0,unknown,unknown,unknown,unknown,left
video,0,0,75776,4.933333,75776,4.933333,75776,4.933333,1024,0.066667,102631,13,320,240,yuv420p,1:1,B,76,0,0,0,0,unknown,unknown,unknown,unknown,left
video,0,0,76800,5.000000,76800,5.000000,76800,5.000000,1024,0.066667,101624,14,320,240,yuv420p,1:1,B,75,0,0,0,0,unknown,unknown,unknown,unknown,left
video,0,0,77824,5.066667,77824,5.066667,77824,5.066667,1024,0.066667,103699,12,320,240,yuv420p,1:1,B,77,0,0,0,0,unknown,unknown,unknown,unknown,left
video,0,0,78848,5.133333,78848,5.133333,78848,5.133333,1024,0.066667,100200,32,320,240,yuv420p,1:1,P,74,0,0,0,0,unknown,unknown,unknown,unknown,left
video,0,0,79872,5.200000,79872,5.200000,79872,5.200000,1024,0.066667,105819,25,320,240,yuv420p,1:1,B,79,0,0,0,0,unknown,unknown,unknown,unknown,left
video,0,0,80896,5.266667,80896,5.266667,80896,5.266667,1024,0.066667,104725,55,320,240,yuv420p,1:1,P,78,0,0,0,0,unknown,unknown,unknown,unknown,left
video,0,0,81920,5.333333,81920,5.333333,81920,5.333333,1024,0.066667,107971,22,320,240,yuv420p,1:1,B,81,0,0,0,0,unknown,unknown,unknown,unknown,left
video,0,0,82944,5.400000,82944,5.400000,82944,5.400000,1024,0.066667,106847,93,320,240,yuv420p,1:1,P,80,0,0,0,0,unknown,unknown,unknown,unknown,left
video,0,0,83968,5.466667,83968,5.466667,83968,5.466667,1024,0.066667,110501,29,320,240,yuv420p,1:1,B,83,0,0,0,0,unknown,unknown,unknown,unknown,left
video,0,0,84992,5.533333,84992,5.533333,84992,5.533333,1024,0.066667,109046,73,320,240,yuv420p,1:1,P,82,0,0,0,0,unknown,unknown,unknown,unknown,left
video,0,0,86016,5.600000,86016,5.600000,86016,5.600000,1024,0.066667,113667,15,320,240,yuv420p,1:1,B,86,0,0,0,0,unknown,unknown,unknown,unknown,left
video,0,0,87040,5.666667,87040,5.666667,87040,5.666667,1024,0.066667,112607,18,320,240,yuv420p,1:1,B,85,0,0,0,0,unknown,unknown,unknown,unknown,left
video,0,0,88064,5.733333,88064,5.733333,88064,5.733333,1024,0.066667,114702,12,320,240,yuv420p,1:1,B,87,0,0,0,0,unknown,unknown,unknown,unknown,left
video,0,0,89088,5.800000,89088,5.800000,89088,5.800000,1024,0.066667,111553,43,320,240,yuv420p,1:1,P,84,0,0,0,0,unknown,unknown,unknown,unknown,left
video,0,0,90112,5.866667,90112,5.866667,90112,5.866667,1024,0.066667,117858,13,320,240,yuv420p,1:1,B,90,0,0,0,0,unknown,unknown,unknown,unknown,left
video,0,0,91136,5.933333,91136,5.933333,91136,5.933333,1024,0.066667,116804,14,320,240,yuv420p,1:1,B,89,0,0,0,0,unknown,unknown,unknown,unknown,left
video,0,0,92160,6.000000,92160,6.000000,92160,6.000000,1024,0.066667,119215,12,320,240,yuv420p,1:1,B,91,0,0,0,0,unknown,unknown,unknown,unknown,left
video,0,0,93184,6.066667,93184,6.066667,93184,6.066667,1024,0.066667,115729,46,320,240,yuv420p,1:1,P,88,0,0,0,0,unknown,unknown,unknown,unknown,left
video,0,0,94208,6.133333,94208,6.133333,94208,6.133333,1024,0.066667,121356,12,320,240,yuv420p,1:1,B,93,0,0,0,0,unknown,unknown,unknown,unknown,left
video,0,0,95232,6.200000,95232,6.200000,95232,6.200000,1024,0.066667,120286,43,320,240,yuv420p,1:1,P,92,0,0,0,0,unknown,unknown,unknown,unknown,left
video,0,0,96256,6.266667,96256,6.266667,96256,6.266667,1024,0.066667,123491,26,320,240,yuv420p,1:1,B,95,0,0,0,0,unknown,unknown,unknown,unknown,left
video,0,0,97280,6.333333,97280,6.333333,97280,6.333333,1024,0.066667,124552,28,320,240,yuv420p,1:1,B,96,0,0,0,0,unknown,unknown,unknown,unknown,left
video,0,0,98304,6.400000,98304,6.400000,98304,6.400000,1024,0.066667,122372,107,320,240,yuv420p,1:1,P,94,0,0,0,0,unknown,unknown,unknown,unknown,left
video,0,0,99328,6.466667,99328,6.466667,99328,6.466667,1024,0.066667,126761,32,320,240,yuv420p,1:1,B,98,0,0,0,0,unknown,unknown,unknown,unknown,left
video,0,0,100352,6.533333,100352,6.533333,100352,6.533333,1024,0.066667,125645,109,320,240,yuv420p,1:1,P,97,0,0,0,0,unknown,unknown,unknown,unknown,left
video,0,0,101376,6.600000,101376,6.600000,101376,6.600000,1024,0.066667,128157,54,320,240,yuv420p,1:1,P,99,0,0,0,0,unknown,unknown,unknown,unknown,left
video,0,0,102400,6.666667,102400,6.666667,102400,6.666667,1024,0.066667,130417,47,320,240,yuv420p,1:1,B,101,0,0,0,0,unknown,unknown,unknown,unknown,left
video,0,0,103424,6.733333,103424,6.733333,103424,6.733333,1024,0.066667,129237,150,320,240,yuv420p,1:1,P,100,0,0,0,0,unknown,unknown,unknown,unknown,left
video,0,0,104448,6.800000,104448,6.800000,104448,6.800000,1024,0.066667,132643,40,320,240,yuv420p,1:1,B,103,0,0,0,0,unknown,unknown,unknown,unknown,left
video,0,0,105472,6.866667,105472,6.866667,105472,6.866667,1024,0.066667,131509,108,320,240,yuv420p,1:1,P,102,0,0,0,0,unknown,unknown,unknown,unknown,left
video,0,0,106496,6.933333,106496,6.933333,106496,6.933333,1024,0.066667,133725,59,320,240,yuv420p,1:1,P,104,0,0,0,0,unknown,unknown,unknown,unknown,left
video,0,0,107520,7.000000,107520,7.000000,107520,7.000000,1024,0.066667,134774,91,320,240,yuv420p,1:1,P,105,0,0,0,0,unknown,unknown,unknown,unknown,left
video,0,0,108544,7.066667,108544,7.066667,108544,7.066667,1024,0.066667,138515,41,320,240,yuv420p,1:1,B,108,0,0,0,0,unknown,unknown,unknown,unknown,left
video,0,0,109568,7.133333,109568,7.133333,109568,7.133333,1024,0.066667,137426,82,320,240,yuv420p,1:1,B,107,0,0,0,0,unknown,unknown,unknown,unknown,left
video,0,0,110592,7.200000,110592,7.200000,110592,7.200000,1024,0.066667,139592,49,320,240,yuv420p,1:1,B,109,0,0,0,0,unknown,unknown,unknown,unknown,left
video,0,0,111616,7.266667,111616,7.266667,111616,7.266667,1024,0.066667,135888,165,320,240,yuv420p,1:1,P,106,0,0,0,0,unknown,unknown,unknown,unknown,left
video,0,0,112640,7.333333,112640,7.333333,112640,7.333333,1024,0.066667,141859,62,320,240,yuv420p,1:1,B,111,0,0,0,0,unknown,unknown,unknown,unknown,left
video,0,0,113664,7.400000,113664,7.400000,113664,7.400000,1024,0.066667,140630,174,320,240,yuv420p,1:1,P,110,0,0,0,0,unknown,unknown,unknown,unknown,left
video,0,0,114688,7.466667,114688,7.466667,114688,7.466667,1024,0.066667,144125,55,320,240,yuv420p,1:1,B,113,0,0,0,0,unknown,unknown,unknown,unknown,left
video,0,0,115712,7.533333,115712,7.533333,115712,7.533333,1024,0.066667,142945,159,320,240,yuv420p,1:1,P,112,0,0,0,0,unknown,unknown,unknown,unknown,left
video,0,0,116736,7.600000,116736,7.600000,116736,7.600000,1024,0.066667,146757,66,320,240,yuv420p,1:1,B,115,0,0,0,0,unknown,unknown,unknown,unknown,left
video,0,0,117760,7.666667,117760,7.666667,117760,7.666667,1024,0.066667,147882,66,320,240,yuv420p,1:1,B,116,0,0,0,0,unknown,unknown,unknown,unknown,left
video,0,0,118784,7.733333,118784,7.733333,118784,7.733333,1024,0.066667,145237,185,320,240,yuv420p,1:1,P,114,0,0,0,0,unknown,unknown,unknown,unknown,left
video,0,0,119808,7.800000,119808,7.800000,119808,7.800000,1024,0.066667,150163,39,320,240,yuv420p,1:1,B,118,0,0,0,0,unknown,unknown,unknown,unknown,left
video,0,0,120832,7.866667,120832,7.866667,120832,7.866667,1024,0.066667,148992,151,320,240,yuv420p,1:1,P,117,0,0,0,0,unknown,unknown,unknown,unknown,left
video,0,0,121856,7.933333,121856,7.933333,121856,7.933333,1024,0.066667,152431,56,320,240,yuv420p,1:1,B,120,0,0,0,0,unknown,unknown,unknown,unknown,left
video,0,0,122880,8.000000,122880,8.000000,122880,8.000000,1024,0.066667,153526,71,320,240,yuv420p,1:1,B,121,0,0,0,0,unknown,unknown,unknown,unknown,left
video,0,0,123904,8.066667,123904,8.066667,123904,8.066667,1024,0.066667,151224,157,320,240,yuv420p,1:1,P,119,0,0,0,0,unknown,unknown,unknown,unknown,left
video,0,0,124928,8.133333,124928,8.133333,124928,8.133333,1024,0.066667,154641,92,320,240,yuv420p,1:1,P,122,0,0,0,0,unknown,unknown,unknown,unknown,left
video,0,0,125952,8.200000,125952,8.200000,125952,8.200000,1024,0.066667,156129,97,320,240,yuv420p,1:1,P,123,0,0,0,0,unknown,unknown,unknown,unknown,left
video,0,0,126976,8.266667,126976,8.266667,126976,8.266667,1024,0.066667,158428,59,320,240,yuv420p,1:1,B,125,0,0,0,0,unknown,unknown,unknown,unknown,left
video,0,0,128000,8.333333,128000,8.333333,128000,8.333333,1024,0.066667,157291,113,320,240,yuv420p,1:1,P,124,0,0,0,0,unknown,unknown,unknown,unknown,left
video,0,1,129024,8.400000,129024,8.400000,129024,8.400000,1024,0.066667,159514,533,320,240,yuv420p,1:1,I,126,0,0,0,0,unknown,unknown,unknown,unknown,left
video,0,0,130048,8.466667,130048,8.466667,130048,8.466667,1024,0.066667,163144,12,320,240,yuv420p,1:1,B,129,0,0,0,0,unknown,unknown,unknown,unknown,left
video,0,0,131072,8.533333,131072,8.533333,131072,8.533333,1024,0.066667,162103,13,320,240,yuv420p,1:1,B,128,0,0,0,0,unknown,unknown,unknown,unknown,left
video,0,0,132096,8.600000,132096,8.600000,132096,8.600000,1024,0.066667,164188,12,320,240,yuv420p,1:1,B,130,0,0,0,0,unknown,unknown,unknown,unknown,left
video,0,0,133120,8.666667,133120,8.666667,133120,8.666667,1024,0.066667,161075,34,320,240,yuv420p,1:1,P,127,0,0,0,0,unknown,unknown,unknown,unknown,left
video,0,0,134144,8.733333,134144,8.733333,134144,8.733333,1024,0.066667,167621,12,320,240,yuv420p,1:1,B,133,0,0,0,0,unknown,unknown,unknown,unknown,left
video,0,0,135168,8.800000,135168,8.800000,135168,8.800000,1024,0.066667,166599,14,320,240,yuv420p,1:1,B,132,0,0,0,0,unknown,unknown,unknown,unknown,left
video,0,0,136192,8.866667,136192,8.866667,136192,8.866667,1024,0.066667,168638,12,320,240,yuv420p,1:1,B,134,0,0,0,0,unknown,unknown,unknown,unknown,left
video,0,0,137216,8.933333,137216,8.933333,137216,8.933333,1024,0.066667,165569,14,320,240,yuv420p,1:1,P,131,0,0,0,0,unknown,unknown,unknown,unknown,left
video,0,0,138240,9.000000,138240,9.000000,138240,9.000000,1024,0.066667,170739,12,320,240,yuv420p,1:1,B,136,0,0,0,0,unknown,unknown,unknown,unknown,left
video,0,0,139264,9.066667,139264,9.066667,139264,9.066667,1024,0.066667,169702,16,320,240,yuv420p,1:1,P,135,0,0,0,0,unknown,unknown,unknown,unknown,left
video,0,0,140288,9.133333,140288,9.133333,140288,9.133333,1024,0.066667,171763,14,320,240,yuv420p,1:1,P,137,0,0,0,0,unknown,unknown,unknown,unknown,left
video,0,0,141312,9.200000,141312,9.200000,141312,9.200000,1024,0.066667,172772,20,320,240,yuv420p,1:1,P,138,0,0,0,0,unknown,unknown,unknown,unknown,left
video,0,0,142336,9.266667,142336,9.266667,142336,9.266667,1024,0.066667,176244,12,320,240,yuv420p,1:1,B,141,0,0,0,0,unknown,unknown,unknown,unknown,left
video,0,0,143360,9.333333,143360,9.333333,143360,9.333333,1024,0.066667,175240,15,320,240,yuv420p,1:1,B,140,0,0,0,0,unknown,unknown,unknown,unknown,left
video,0,0,144384,9.400000,144384,9.400000,144384,9.400000,1024,0.066667,177313,12,320,240,yuv420p,1:1,B,142,0,0,0,0,unknown,unknown,unknown,unknown,left
video,0,0,145408,9.466667,145408,9.466667,145408,9.466667,1024,0.066667,174180,29,320,240,yuv420p,1:1,P,139,0,0,0,0,unknown,unknown,unknown,unknown,left
video,0,0,146432,9.533333,146432,9.533333,146432,9.533333,1024,0.066667,179392,12,320,240,yuv420p,1:1,B,144,0,0,0,0,unknown,unknown,unknown,unknown,left
video,0,0,147456,9.600000,147456,9.600000,147456,9.600000,1024,0.066667,178352,16,320,240,yuv420p,1:1,P,143,0,0,0,0,unknown,unknown,unknown,unknown,left
video,0,0,148480,9.666667,148480,9.666667,148480,9.666667,1024,0.066667,181537,22,320,240,yuv420p,1:1,B,146,0,0,0,0,unknown,unknown,unknown,unknown,left
video,0,0,149504,9.733333,149504,9.733333,149504,9.733333,1024,0.066667,180451,57,320,240,yuv420p,1:1,P,145,0,0,0,0,unknown,unknown,unknown,unknown,left
video,0,0,150528,9.800000,150528,9.800000,150528,9.800000,1024,0.066667,185060,12,320,240,yuv420p,1:1,B,149,0,0,0,0,unknown,unknown,unknown,unknown,left
video,0,0,151552,9.866667,151552,9.866667,151552,9.866667,1024,0.066667,184018,29,320,240,yuv420p,1:1,B,148,0,0,0,0,unknown,unknown,unknown,unknown,left
video,0,0,152576,9.933333,152576,9.933333,152576,9.933333,1024,0.066667,186105,19,320,240,yuv420p,1:1,B,150,0,0,0,0,unknown,unknown,unknown,unknown,left
video,0,0,153600,10.000000,153600,10.000000,153600,10.000000,1024,0.066667,182919,62,320,240,yuv420p,1:1,P,147,0,0,0,0,unknown,unknown,unknown,unknown,left
video,0,0,154624,10.066667,154624,10.066667,154624,10.066667,1024,0.066667,188266,32,320,240,yuv420p,1:1,B,152,0,0,0,0,unknown,unknown,unknown,unknown,left
video,0,0,155648,10.133333,155648,10.133333,155648,10.133333,1024,0.066667,187145,100,320,240,yuv420p,1:1,P,151,0,0,0,0,unknown,unknown,unknown,unknown,left
video,0,0,156672,10.200000,156672,10.200000,156672,10.200000,1024,0.066667,191935,38,320,240,yuv420p,1:1,B,155,0,0,0,0,unknown,unknown,unknown,unknown,left
video,0,0,157696,10.266667,157696,10.266667,157696,10.266667,1024,0.066667,190470,60,320,240,yuv420p,1:1,B,154,0,0,0,0,unknown,unknown,unknown,unknown,left
video,0,0,158720,10.333333,158720,10.333333,158720,10.333333,1024,0.066667,193014,18,320,240,yuv420p,1:1,B,156,0,0,0,0,unknown,unknown,unknown,unknown,left
video,0,0,159744,10.400000,159744,10.400000,159744,10.400000,1024,0.066667,189317,122,320,240,yuv420p,1:1,P,153,0,0,0,0,unknown,unknown,unknown,unknown,left
video,0,0,160768,10.466667,160768,10.466667,160768,10.466667,1024,0.066667,195202,19,320,240,yuv420p,1:1,B,158,0,0,0,0,unknown,unknown,unknown,unknown,left
video,0,0,161792,10.533333,161792,10.533333,161792,10.533333,1024,0.066667,194079,89,320,240,yuv420p,1:1,P,157,0,0,0,0,unknown,unknown,unknown,unknown,left
video,0,0,162816,10.600000,162816,10.600000,162816,10.600000,1024,0.066667,198451,25,320,240,yuv420p,1:1,B,161,0,0,0,0,unknown,unknown,unknown,unknown,left
video,0,0,163840,10.666667,163840,10.666667,163840,10.666667,1024,0.066667,197370,46,320,240,yuv420p,1:1,B,160,0,0,0,0,unknown,unknown,unknown,unknown,left
video,0,0,164864,10.733333,164864,10.733333,164864,10.733333,1024,0.066667,199481,27,320,240,yuv420p,1:1,B,162,0,0,0,0,unknown,unknown,unknown,unknown,left
video,0,0,165888,10.800000,165888,10.800000,165888,10.800000,1024,0.066667,196234,104,320,240,yuv420p,1:1,P,159,0,0,0,0,unknown,unknown,unknown,unknown,left
video,0,0,166912,10.866667,166912,10.866667,166912,10.866667,1024,0.066667,200871,64,320,240,yuv420p,1:1,P,163,0,0,0,0,unknown,unknown,unknown,unknown,left
video,0,0,167936,10.933333,167936,10.933333,167936,10.933333,1024,0.066667,203041,16,320,240,yuv420p,1:1,B,165,0,0,0,0,unknown,unknown,unknown,unknown,left
video,0,0,168960,11.000000,168960,11.000000,168960,11.000000,1024,0.066667,201964,93,320,240,yuv420p,1:1,P,164,0,0,0,0,unknown,unknown,unknown,unknown,left
video,0,0,169984,11.066667,169984,11.066667,169984,11.066667,1024,0.066667,206257,24,320,240,yuv420p,1:1,B,168,0,0,0,0,unknown,unknown,unknown,unknown,left
video,0,0,171008,11.133333,171008,11.133333,171008,11.133333,1024,0.066667,205210,23,320,240,yuv420p,1:1,B,167,0,0,0,0,unknown,unknown,unknown,unknown,left
video,0,0,172032,11.200000,172032,11.200000,172032,11.200000,1024,0.066667,207310,16,320,240,yuv420p,1:1,B,169,0,0,0,0,unknown,unknown,unknown,unknown,left
video,0,0,173056,11.266667,173056,11.266667,173056,11.266667,1024,0.066667,204066,100,320,240,yuv420p,1:1,P,166,0,0,0,0,unknown,unknown,unknown,unknown,left
video,0,0,174080,11.333333,174080,11.333333,174080,11.333333,1024,0.066667,209764,17,320,240,yuv420p,1:1,B,171,0,0,0,0,unknown,unknown,unknown,unknown,left
video,0,0,175104,11.400000,175104,11.400000,175104,11.400000,1024,0.066667,210819,13,320,240,yuv420p,1:1,B,172,0,0,0,0,unknown,unknown,unknown,unknown,left
video,0,0,176128,11.466667,176128,11.466667,176128,11.466667,1024,0.066667,208343,57,320,240,yuv420p,1:1,P,170,0,0,0,0,unknown,unknown,unknown,unknown,left
video,0,0,177152,11.533333,177152,11.533333,177152,11.533333,1024,0.066667,212944,12,320,240,yuv420p,1:1,B,174,0,0,0,0,unknown,unknown,unknown,unknown,left
video,0,0,178176,11.600000,178176,11.600000,178176,11.600000,1024,0.066667,211881,47,320,240,yuv420p,1:1,P,173,0,0,0,0,unknown,unknown,unknown,unknown,left
video,0,0,179200,11.666667,179200,11.666667,179200,11.666667,1024,0.066667,215034,12,320,240,yuv420p,1:1,B,176,0,0,0,0,unknown,unknown,unknown,unknown,left
video,0,0,180224,11.733333,180224,11.733333,180224,11.733333,1024,0.066667,213960,29,320,240,yuv420p,1:1,P,175,0,0,0,0,unknown,unknown,unknown,unknown,left
video,0,0,181248,11.800000,181248,11.800000,181248,11.800000,1024,0.066667,217129,12,320,240,yuv420p,1:1,B,178,0,0,0,0,unknown,unknown,unknown,unknown,left
video,0,0,182272,11.866667,182272,11.866667,182272,11.866667,1024,0.066667,216067,17,320,240,yuv420p,1:1,P,177,0,0,0,0,unknown,unknown,unknown,unknown,left
video,0,0,183296,11.933333,183296,11.933333,183296,11.933333,1024,0.066667,220631,12,320,240,yuv420p,1:1,B,181,0,0,0,0,unknown,unknown,unknown,unknown,left
video,0,0,184320,12.000000,184320,12.000000,184320,12.000000,1024,0.066667,219591,14,320,240,yuv420p,1:1,B,180,0,0,0,0,unknown,unknown,unknown,unknown,left
video,0,0,185344,12.066667,185344,12.066667,185344,12.066667,1024,0.066667,221678,12,320,240,yuv420p,1:1,B,182,0,0,0,0,unknown,unknown,unknown,unknown,left
video,0,0,186368,12.133333,186368,12.133333,186368,12.133333,1024,0.066667,218534,23,320,240,yuv420p,1:1,P,179,0,0,0,0,unknown,unknown,unknown,unknown,left
video,0,0,187392,12.200000,187392,12.200000,187392,12.200000,1024,0.066667,224798,12,320,240,yuv420p,1:1,B,185,0,0,0,0,unknown,unknown,unknown,unknown,left
video,0,0,188416,12.266667,188416,12.266667,188416,12.266667,1024,0.066667,223751,14,320,240,yuv420p,1:1,B,184,0,0,0,0,unknown,unknown,unknown,unknown,left
video,0,0,189440,12.333333,189440,12.333333,189440,12.333333,1024,0.066667,225833,12,320,240,yuv420p,1:1,B,186,0,0,0,0,unknown,unknown,unknown,unknown,left
video,0,0,190464,12.400000,190464,12.400000,190464,12.400000,1024,0.066667,222698,31,320,240,yuv420p,1:1,P,183,0,0,0,0,unknown,unknown,unknown,unknown,left
video,0,0,191488,12.466667,191488,12.466667,191488,12.466667,1024,0.066667,229309,13,320,240,yuv420p,1:1,B,189,0,0,0,0,unknown,unknown,unknown,unknown,left
video,0,0,192512,12.533333,192512,12.533333,192512,12.533333,1024,0.066667,228250,14,320,240,yuv420p,1:1,B,188,0,0,0,0,unknown,unknown,unknown,unknown,left
video,0,0,193536,12.600000,193536,12.600000,193536,12.600000,1024,0.066667,230361,12,320,240,yuv420p,1:1,B,190,0,0,0,0,unknown,unknown,unknown,unknown,left
video,0,0,194560,12.666667,194560,12.666667,194560,12.666667,1024,0.066667,227176,27,320,240,yuv420p,1:1,P,187,0,0,0,0,unknown,unknown,unknown,unknown,left
video,0,0,195584,12.733333,195584,12.733333,195584,12.733333,1024,0.066667,232446,12,320,240,yuv420p,1:1,B,192,0,0,0,0,unknown,unknown,unknown,unknown,left
video,0,0,196608,12.800000,196608,12.800000,196608,12.800000,1024,0.066667,231391,23,320,240,yuv420p,1:1,P,191,0,0,0,0,unknown,unknown,unknown,unknown,left
video,0,0,197632,12.866667,197632,12.866667,197632,12.866667,1024,0.066667,234510,13,320,240,yuv420p,1:1,B,194,0,0,0,0,unknown,unknown,unknown,unknown,left
video,0,0,198656,12.933333,198656,12.933333,198656,12.933333,1024,0.066667,233478,20,320,240,yuv420p,1:1,P,193,0,0,0,0,unknown,unknown,unknown,unknown,left
video,0,1,199680,13.000000,199680,13.000000,199680,13.000000,1024,0.066667,235906,880,320,240,yuv420p,1:1,I,195,0,0,0,0,unknown,unknown,unknown,unknown,left
video,0,0,200704,13.066667,200704,13.066667,200704,13.066667,1024,0.066667,238932,15,320,240,yuv420p,1:1,B,197,0,0,0,0,unknown,unknown,unknown,unknown,left
video,0,0,201728,13.133333,201728,13.133333,201728,13.133333,1024,0.066667,239960,19,320,240,yuv420p,1:1,B,198,0,0,0,0,unknown,unknown,unknown,unknown,left
video,0,0,202752,13.200000,202752,13.200000,202752,13.200000,1024,0.066667,237793,115,320,240,yuv420p,1:1,P,196,0,0,0,0,unknown,unknown,unknown,unknown,left
video,0,0,203776,13.266667,203776,13.266667,203776,13.266667,1024,0.066667,242119,32,320,240,yuv420p,1:1,B,200,0,0,0,0,unknown,unknown,unknown,unknown,left
video,0,0,204800,13.333333,204800,13.333333,204800,13.333333,1024,0.066667,243186,17,320,240,yuv420p,1:1,B,201,0,0,0,0,unknown,unknown,unknown,unknown,left
video,0,0,205824,13.400000,205824,13.400000,205824,13.400000,1024,0.066667,241021,99,320,240,yuv420p,1:1,P,199,0,0,0,0,unknown,unknown,unknown,unknown,left
video,0,0,206848,13.466667,206848,13.466667,206848,13.466667,1024,0.066667,245714,12,320,240,yuv420p,1:1,B,203,0,0,0,0,unknown,unknown,unknown,unknown,left
video,0,0,207872,13.533333,207872,13.533333,207872,13.533333,1024,0.066667,244250,75,320,240,yuv420p,1:1,P,202,0,0,0,0,unknown,unknown,unknown,unknown,left
video,0,0,208896,13.600000,208896,13.600000,208896,13.600000,1024,0.066667,247785,17,320,240,yuv420p,1:1,B,205,0,0,0,0,unknown,unknown,unknown,unknown,left
video,0,0,209920,13.666667,209920,13.666667,209920,13.666667,1024,0.066667,246744,58,320,240,yuv420p,1:1,P,204,0,0,0,0,unknown,unknown,unknown,unknown,left
video,0,0,210944,13.733333,210944,13.733333,210944,13.733333,1024,0.066667,250961,21,320,240,yuv420p,1:1,B,208,0,0,0,0,unknown,unknown,unknown,unknown,left
video,0,0,211968,13.800000,211968,13.800000,211968,13.800000,1024,0.066667,249877,44,320,240,yuv420p,1:1,B,207,0,0,0,0,unknown,unknown,unknown,unknown,left
video,0,0,212992,13.866667,212992,13.866667,212992,13.866667,1024,0.066667,252026,12,320,240,yuv420p,1:1,B,209,0,0,0,0,unknown,unknown,unknown,unknown,left
video,0,0,214016,13.933333,214016,13.933333,214016,13.933333,1024,0.066667,248800,55,320,240,yuv420p,1:1,P,206,0,0,0,0,unknown,unknown,unknown,unknown,left
video,0,0,215040,14.000000,215040,14.000000,215040,14.000000,1024,0.066667,255535,18,320,240,yuv420p,1:1,B,212,0,0,0,0,unknown,unknown,unknown,unknown,left
video,0,0,216064,14.066667,216064,14.066667,216064,14.066667,1024,0.066667,254480,38,320,240,yuv420p,1:1,B,211,0,0,0,0,unknown,unknown,unknown,unknown,left
video,0,0,217088,14.133333,217088,14.133333,217088,14.133333,1024,0.066667,256629,19,320,240,yuv420p,1:1,B,213,0,0,0,0,unknown,unknown,unknown,unknown,left
video,0,0,218112,14.200000,218112,14.200000,218112,14.200000,1024,0.066667,253061,74,320,240,yuv420p,1:1,P,210,0,0,0,0,unknown,unknown,unknown,unknown,left
video,0,0,219136,14.266667,219136,14.266667,219136,14.266667,1024,0.066667,258738,17,320,240,yuv420p,1:1,B,215,0,0,0,0,unknown,unknown,unknown,unknown,left
video,0,0,220160,14.333333,220160,14.333333,220160,14.333333,1024,0.066667,257654,61,320,240,yuv420p,1:1,P,214,0,0,0,0,unknown,unknown,unknown,unknown,left
video,0,0,221184,14.400000,221184,14.400000,221184,14.400000,1024,0.066667,260876,13,320,240,yuv420p,1:1,B,217,0,0,0,0,unknown,unknown,unknown,unknown,left
video,0,0,222208,14.466667,222208,14.466667,222208,14.466667,1024,0.066667,259762,65,320,240,yuv420p,1:1,P,216,0,0,0,0,unknown,unknown,unknown,unknown,left
video,0,0,223232,14.533333,223232,14.533333,223232,14.533333,1024,0.066667,264361,19,320,240,yuv420p,1:1,B,220,0,0,0,0,unknown,unknown,unknown,unknown,left
video,0,0,224256,14.600000,224256,14.600000,224256,14.600000,1024,0.066667,263307,19,320,240,yuv420p,1:1,B,219,0,0,0,0,unknown,unknown,unknown,unknown,left
video,0,0,225280,14.666667,225280,14.666667,225280,14.666667,1024,0.066667,265394,12,320,240,yuv420p,1:1,B,221,0,0,0,0,unknown,unknown,unknown,unknown,left
video,0,0,226304,14.733333,226304,14.733333,226304,14.733333,1024,0.066667,261905,65,320,240,yuv420p,1:1,P,218,0,0,0,0,unknown,unknown,unknown,unknown,left
video,0,0,227328,14.800000,227328,14.800000,227328,14.800000,1024,0.066667,267569,21,320,240,yuv420p,1:1,B,223,0,0,0,0,unknown,unknown,unknown,unknown,left
video,0,0,228352,14.866667,228352,14.866667,228352,14.866667,1024,0.066667,268607,14,320,240,yuv420p,1:1,B,224,0,0,0,0,unknown,unknown,unknown,unknown,left
video,0,0,229376,14.933333,229376,14.933333,229376,14.933333,1024,0.066667,266445,73,320,240,yuv420p,1:1,P,222,0,0,0,0,unknown,unknown,unknown,unknown,left
video,0,0,230400,15.000000,230400,15.000000,230400,15.000000,1024,0.066667,269658,83,320,240,yuv420p,1:1,P,225,0,0,0,0,unknown,unknown,unknown,unknown,left
video,0,0,231424,15.066667,231424,15.066667,231424,15.066667,1024,0.066667,272231,22,320,240,yuv420p,1:1,B,227,0,0,0,0,unknown,unknown,unknown,unknown,left
video,0,0,232448,15.133333,232448,15.133333,232448,15.133333,1024,0.066667,270750,105,320,240,yuv420p,1:1,P,226,0,0,0,0,unknown,unknown,unknown,unknown,left
video,0,0,233472,15.200000,233472,15.200000,233472,15.200000,1024,0.066667,273263,89,320,240,yuv420p,1:1,P,228,0,0,0,0,unknown,unknown,unknown,unknown,left
video,0,0,234496,15.266667,234496,15.266667,234496,15.266667,1024,0.066667,275530,31,320,240,yuv420p,1:1,B,230,0,0,0,0,unknown,unknown,unknown,unknown,left
video,0,0,235520,15.333333,235520,15.333333,235520,15.333333,1024,0.066667,274366,106,320,240,yuv420p,1:1,P,229,0,0,0,0,unknown,unknown,unknown,unknown,left
video,0,0,236544,15.400000,236544,15.400000,236544,15.400000,1024,0.066667,276579,105,320,240,yuv420p,1:1,P,231,0,0,0,0,unknown,unknown,unknown,unknown,left
video,0,0,237568,15.466667,237568,15.466667,237568,15.466667,1024,0.066667,277728,64,320,240,yuv420p,1:1,P,232,0,0,0,0,unknown,unknown,unknown,unknown,left
video,0,0,238592,15.533333,238592,15.533333,238592,15.533333,1024,0.066667,279937,21,320,240,yuv420p,1:1,B,234,0,0,0,0,unknown,unknown,unknown,unknown,left
video,0,0,239616,15.600000,239616,15.600000,239616,15.600000,1024,0.066667,278811,95,320,240,yuv420p,1:1,P,233,0,0,0,0,unknown,unknown,unknown,unknown,left
video,0,0,240640,15.666667,240640,15.666667,240640,15.666667,1024,0.066667,282401,14,320,240,yuv420p,1:1,B,236,0,0,0,0,unknown,unknown,unknown,unknown,left
video,0,0,241664,15.733333,241664,15.733333,241664,15.733333,1024,0.066667,281292,82,320,240,yuv420p,1:1,P,235,0,0,0,0,unknown,unknown,unknown,unknown,left
video,0,0,242688,15.800000,242688,15.800000,242688,15.800000,1024,0.066667,284570,12,320,240,yuv420p,1:1,B,238,0,0,0,0,unknown,unknown,unknown,unknown,left
video,0,0,243712,15.866667,243712,15.866667,243712,15.866667,1024,0.066667,283453,57,320,240,yuv420p,1:1,P,237,0,0,0,0,unknown,unknown,unknown,unknown,left
video,0,0,244736,15.933333,244736,15.933333,244736,15.933333,1024,0.066667,286685,12,320,240,yuv420p,1:1,B,240,0,0,0,0,unknown,unknown,unknown,unknown,left
video,0,0,245760,16.000000,245760,16.000000,245760,16.000000,1024,0.066667,285614,44,320,240,yuv420p,1:1,P,239,0,0,0,0,unknown,unknown,unknown,unknown,left
video,0,1,246784,16.066667,246784,16.066667,246784,16.066667,1024,0.066667,287729,1224,320,240,yuv420p,1:1,I,241,0,0,0,0,unknown,unknown,unknown,unknown,left
video,0,0,247808,16.133333,247808,16.133333,247808,16.133333,1024,0.066667,292433,12,320,240,yuv420p,1:1,B,244,0,0,0,0,unknown,unknown,unknown,unknown,left
video,0,0,248832,16.200000,248832,16.200000,248832,16.200000,1024,0.066667,291370,12,320,240,yuv420p,1:1,B,243,0,0,0,0,unknown,unknown,unknown,unknown,left
video,0,0,249856,16.266667,249856,16.266667,249856,16.266667,1024,0.066667,293438,12,320,240,yuv420p,1:1,B,245,0,0,0,0,unknown,unknown,unknown,unknown,left
video,0,0,250880,16.333333,250880,16.333333,250880,16.333333,1024,0.066667,289972,17,320,240,yuv420p,1:1,P,242,0,0,0,0,unknown,unknown,unknown,unknown,left
video,0,0,251904,16.400000,251904,16.400000,251904,16.400000,1024,0.066667,295503,12,320,240,yuv420p,1:1,B,247,0,0,0,0,unknown,unknown,unknown,unknown,left
video,0,0,252928,16.466667,252928,16.466667,252928,16.466667,1024,0.066667,294467,27,320,240,yuv420p,1:1,P,246,0,0,0,0,unknown,unknown,unknown,unknown,left
video,0,0,253952,16.533333,253952,16.533333,253952,16.533333,1024,0.066667,298691,14,320,240,yuv420p,1:1,B,250,0,0,0,0,unknown,unknown,unknown,unknown,left
video,0,0,254976,16.600000,254976,16.600000,254976,16.600000,1024,0.066667,297633,17,320,240,yuv420p,1:1,B,249,0,0,0,0,unknown,unknown,unknown,unknown,left
video,0,0,256000,16.666667,256000,16.666667,256000,16.666667,1024,0.066667,300070,13,320,240,yuv420p,1:1,B,251,0,0,0,0,unknown,unknown,unknown,unknown,left
video,0,0,257024,16.733333,257024,16.733333,257024,16.733333,1024,0.066667,296539,61,320,240,yuv420p,1:1,P,248,0,0,0,0,unknown,unknown,unknown,unknown,left
video,0,0,258048,16.800000,258048,16.800000,258048,16.800000,1024,0.066667,302181,13,320,240,yuv420p,1:1,B,253,0,0,0,0,unknown,unknown,unknown,unknown,left
video,0,0,259072,16.866667,259072,16.866667,259072,16.866667,1024,0.066667,301127,24,320,240,yuv420p,1:1,P,252,0,0,0,0,unknown,unknown,unknown,unknown,left
video,0,0,260096,16.933333,260096,16.933333,260096,16.933333,1024,0.066667,304312,21,320,240,yuv420p,1:1,B,255,0,0,0,0,unknown,unknown,unknown,unknown,left
video,0,0,261120,17.000000,261120,17.000000,261120,17.000000,1024,0.066667,305353,18,320,240,yuv420p,1:1,B,256,0,0,0,0,unknown,unknown,unknown,unknown,left
video,0,0,262144,17.066667,262144,17.066667,262144,17.066667,1024,0.066667,303211,87,320,240,yuv420p,1:1,P,254,0,0,0,0,unknown,unknown,unknown,unknown,left
video,0,0,263168,17.133333,263168,17.133333,263168,17.133333,1024,0.066667,307503,18,320,240,yuv420p,1:1,B,258,0,0,0,0,unknown,unknown,unknown,unknown,left
video,0,0,264192,17.200000,264192,17.200000,264192,17.200000,1024,0.066667,306412,63,320,240,yuv420p,1:1,P,257,0,0,0,0,unknown,unknown,unknown,unknown,left
video,0,0,265216,17.266667,265216,17.266667,265216,17.266667,1024,0.066667,309963,23,320,240,yuv420p,1:1,B,260,0,0,0,0,unknown,unknown,unknown,unknown,left
video,0,0,266240,17.333333,266240,17.333333,266240,17.333333,1024,0.066667,308876,67,320,240,yuv420p,1:1,P,259,0,0,0,0,unknown,unknown,unknown,unknown,left
video,0,0,267264,17.400000,267264,17.400000,267264,17.400000,1024,0.066667,311005,46,320,240,yuv420p,1:1,P,261,0,0,0,0,unknown,unknown,unknown,unknown,left
video,0,0,268288,17.466667,268288,17.466667,268288,17.466667,1024,0.066667,314305,35,320,240,yuv420p,1:1,B,264,0,0,0,0,unknown,unknown,unknown,unknown,left
video,0,0,269312,17.533333,269312,17.533333,269312,17.533333,1024,0.066667,313228,49,320,240,yuv420p,1:1,B,263,0,0,0,0,unknown,unknown,unknown,unknown,left
video,0,0,270336,17.600000,270336,17.600000,270336,17.600000,1024,0.066667,315377,19,320,240,yuv420p,1:1,B,265,0,0,0,0,unknown,unknown,unknown,unknown,left
video,0,0,271360,17.666667,271360,17.666667,271360,17.666667,1024,0.066667,312080,115,320,240,yuv420p,1:1,P,262,0,0,0,0,unknown,unknown,unknown,unknown,left
video,0,0,272384,17.733333,272384,17.733333,272384,17.733333,1024,0.066667,317901,43,320,240,yuv420p,1:1,B,267,0,0,0,0,unknown,unknown,unknown,unknown,left
video,0,0,273408,17.800000,273408,17.800000,273408,17.800000,1024,0.066667,318992,22,320,240,yuv420p,1:1,B,268,0,0,0,0,unknown,unknown,unknown,unknown,left
video,0,0,274432,17.866667,274432,17.866667,274432,17.866667,1024,0.066667,316436,108,320,240,yuv420p,1:1,P,266,0,0,0,0,unknown,unknown,unknown,unknown,left
video,0,0,275456,17.933333,275456,17.933333,275456,17.933333,1024,0.066667,322270,36,320,240,yuv420p,1:1,B,271,0,0,0,0,unknown,unknown,unknown,unknown,left
video,0,0,276480,18.000000,276480,18.000000,276480,18.000000,1024,0.066667,321165,78,320,240,yuv420p,1:1,B,270,0,0,0,0,unknown,unknown,unknown,unknown,left
video,0,0,277504,18.066667,277504,18.066667,277504,18.066667,1024,0.066667,323316,39,320,240,yuv420p,1:1,B,272,0,0,0,0,unknown,unknown,unknown,unknown,left
video,0,0,278528,18.133333,278528,18.133333,278528,18.133333,1024,0.066667,320034,124,320,240,yuv420p,1:1,P,269,0,0,0,0,unknown,unknown,unknown,unknown,left
video,0,0,279552,18.200000,279552,18.200000,279552,18.200000,1024,0.066667,324390,77,320,240,yuv420p,1:1,P,273,0,0,0,0,unknown,unknown,unknown,unknown,left
video,0,0,280576,18.266667,280576,18.266667,280576,18.266667,1024,0.066667,325503,77,320,240,yuv420p,1:1,P,274,0,0,0,0,unknown,unknown,unknown,unknown,left
video,0,0,281600,18.333333,281600,18.333333,281600,18.333333,1024,0.066667,328098,67,320,240,yuv420p,1:1,B,276,0,0,0,0,unknown,unknown,unknown,unknown,left
video,0,0,282624,18.400000,282624,18.400000,282624,18.400000,1024,0.066667,326950,111,320,240,yuv420p,1:1,P,275,0,0,0,0,unknown,unknown,unknown,unknown,left
video,0,0,283648,18.466667,283648,18.466667,283648,18.466667,1024,0.066667,331612,103,320,240,yuv420p,1:1,B,279,0,0,0,0,unknown,unknown,unknown,unknown,left
video,0,0,284672,18.533333,284672,18.533333,284672,18.533333,1024,0.066667,330410,134,320,240,yuv420p,1:1,B,278,0,0,0,0,unknown,unknown,unknown,unknown,left
video,0,0,285696,18.600000,285696,18.600000,285696,18.600000,1024,0.066667,332722,72,320,240,yuv420p,1:1,B,280,0,0,0,0,unknown,unknown,unknown,unknown,left
video,0,0,286720,18.666667,286720,18.666667,286720,18.666667,1024,0.066667,329195,191,320,240,yuv420p,1:1,P,277,0,0,0,0,unknown,unknown,unknown,unknown,left
video,0,0,287744,18.733333,287744,18.733333,287744,18.733333,1024,0.066667,336490,69,320,240,yuv420p,1:1,B,283,0,0,0,0,unknown,unknown,unknown,unknown,left
video,0,0,288768,18.800000,288768,18.800000,288768,18.800000,1024,0.066667,335015,141,320,240,yuv420p,1:1,B,282,0,0,0,0,unknown,unknown,unknown,unknown,left
video,0,0,289792,18.866667,289792,18.866667,289792,18.866667,1024,0.066667,337584,101,320,240,yuv420p,1:1,B,284,0,0,0,0,unknown,unknown,unknown,unknown,left
video,0,0,290816,18.933333,290816,18.933333,290816,18.933333,1024,0.066667,333808,183,320,240,yuv420p,1:1,P,281,0,0,0,0,unknown,unknown,unknown,unknown,left
video,0,0,291840,19.000000,291840,19.000000,291840,19.000000,1024,0.066667,341139,165,320,240,yuv420p,1:1,B,287,0,0,0,0,unknown,unknown,unknown,unknown,left
video,0,0,292864,19.066667,292864,19.066667,292864,19.066667,1024,0.066667,339966,153,320,240,yuv420p,1:1,B,286,0,0,0,0,unknown,unknown,unknown,unknown,left
video,0,0,293888,19.133333,293888,19.133333,293888,19.133333,1024,0.066667,342350,81,320,240,yuv420p,1:1,B,288,0,0,0,0,unknown,unknown,unknown,unknown,left
video,0,0,294912,19.200000,294912,19.200000,294912,19.200000,1024,0.066667,338731,214,320,240,yuv420p,1:1,P,285,0,0,0,0,unknown,unknown,unknown,unknown,left
video,0,0,295936,19.266667,295936,19.266667,295936,19.266667,1024,0.066667,346172,61,320,240,yuv420p,1:1,B,291,0,0,0,0,unknown,unknown,unknown,unknown,left
video,0,0,296960,19.333333,296960,19.333333,296960,19.333333,1024,0.066667,344681,125,320,240,yuv420p,1:1,B,290,0,0,0,0,unknown,unknown,unknown,unknown,left
video,0,0,297984,19.400000,297984,19.400000,297984,19.400000,1024,0.066667,347243,55,320,240,yuv420p,1:1,B,292,0,0,0,0,unknown,unknown,unknown,unknown,left
video,0,0,299008,19.466667,299008,19.466667,299008,19.466667,1024,0.066667,343446,195,320,240,yuv420p,1:1,P,289,0,0,0,0,unknown,unknown,unknown,unknown,left
video,0,0,300032,19.533333,300032,19.533333,300032,19.533333,1024,0.066667,350838,96,320,240,yuv420p,1:1,B,295,0,0,0,0,unknown,unknown,unknown,unknown,left
video,0,0,301056,19.600000,301056,19.600000,301056,19.600000,1024,0.066667,349601,187,320,240,yuv420p,1:1,B,294,0,0,0,0,unknown,unknown,unknown,unknown,left
video,0,0,302080,19.666667,302080,19.666667,302080,19.666667,1024,0.066667,351950,145,320,240,yuv420p,1:1,B,296,0,0,0,0,unknown,unknown,unknown,unknown,left
video,0,0,303104,19.733333,303104,19.733333,303104,19.733333,1024,0.066667,348310,255,320,240,yuv420p,1:1,P,293,0,0,0,0,unknown,unknown,unknown,unknown,left
video,0,0,304128,19.800000,304128,19.800000,304128,19.800000,1024,0.066667,354345,54,320,240,yuv420p,1:1,B,298,0,0,0,0,unknown,unknown,unknown,unknown,left
video,0,0,305152,19.866667,305152,19.866667,305152,19.866667,1024,0.066667,353135,182,320,240,yuv420p,1:1,P,297,0,0,0,0,unknown,unknown,unknown,unknown,left
video,0,0,306176,19.933333,306176,19.933333,306176,19.933333,1024,0.066667,356899,25,320,240,yuv420p,1:1,B,300,0,0,0,0,unknown,unknown,unknown,unknown,left
video,0,0,307200,20.000000,307200,20.000000,307200,20.000000,1024,0.066667,355750,120,320,240,yuv420p,1:1,P,299,0,0,0,0,unknown,unknown,unknown,unknown,left
video,0,0,308224,20.066667,308224,20.066667,308224,20.066667,1024,0.066667,359051,18,320,240,yuv420p,1:1,B,302,0,0,0,0,unknown,unknown,unknown,unknown,left
video,0,0,309248,20.133333,309248,20.133333,309248,20.133333,1024,0.066667,357944,74,320,240,yuv420p,1:1,P,301,0,0,0,0,unknown,unknown,unknown,unknown,left
video,0,0,310272,20.200000,310272,20.200000,310272,20.200000,1024,0.066667,362395,21,320,240,yuv420p,1:1,B,305,0,0,0,0,unknown,unknown,unknown,unknown,left
video,0,0,311296,20.266667,311296,20.266667,311296,20.266667,1024,0.066667,361282,67,320,240,yuv420p,1:1,B,304,0,0,0,0,unknown,unknown,unknown,unknown,left
video,0,0,312320,20.333333,312320,20.333333,312320,20.333333,1024,0.066667,363434,60,320,240,yuv420p,1:1,B,306,0,0,0,0,unknown,unknown,unknown,unknown,left
video,0,0,313344,20.400000,313344,20.400000,313344,20.400000,1024,0.066667,360085,169,320,240,yuv420p,1:1,P,303,0,0,0,0,unknown,unknown,unknown,unknown,left
video,0,0,314368,20.466667,314368,20.466667,314368,20.466667,1024,0.066667,364865,80,320,240,yuv420p,1:1,P,307,0,0,0,0,unknown,unknown,unknown,unknown,left
video,0,0,315392,20.533333,315392,20.533333,315392,20.533333,1024,0.066667,365990,126,320,240,yuv420p,1:1,P,308,0,0,0,0,unknown,unknown,unknown,unknown,left
video,0,0,316416,20.600000,316416,20.600000,316416,20.600000,1024,0.066667,367112,101,320,240,yuv420p,1:1,P,309,0,0,0,0,unknown,unknown,unknown,unknown,left
video,0,0,317440,20.666667,317440,20.666667,317440,20.666667,1024,0.066667,369401,53,320,240,yuv420p,1:1,B,311,0,0,0,0,unknown,unknown,unknown,unknown,left
video,0,0,318464,20.733333,318464,20.733333,318464,20.733333,1024,0.066667,368253,125,320,240,yuv420p,1:1,P,310,0,0,0,0,unknown,unknown,unknown,unknown,left
video,0,0,319488,20.800000,319488,20.800000,319488,20.800000,1024,0.066667,371637,62,320,240,yuv420p,1:1,B,313,0,0,0,0,unknown,unknown,unknown,unknown,left
video,0,0,320512,20.866667,320512,20.866667,320512,20.866667,1024,0.066667,370473,158,320,240,yuv420p,1:1,P,312,0,0,0,0,unknown,unknown,unknown,unknown,left
video,0,0,321536,20.933333,321536,20.933333,321536,20.933333,1024,0.066667,372739,104,320,240,yuv420p,1:1,P,314,0,0,0,0,unknown,unknown,unknown,unknown,left
video,0,0,322560,21.000000,322560,21.000000,322560,21.000000,1024,0.066667,375465,76,320,240,yuv420p,1:1,B,316,0,0,0,0,unknown,unknown,unknown,unknown,left
video,0,0,323584,21.066667,323584,21.066667,323584,21.066667,1024,0.066667,374228,214,320,240,yuv420p,1:1,P,315,0,0,0,0,unknown,unknown,unknown,unknown,left
video,0,0,324608,21.133333,324608,21.133333,324608,21.133333,1024,0.066667,376550,147,320,240,yuv420p,1:1,P,317,0,0,0,0,unknown,unknown,unknown,unknown,left
video,0,0,325632,21.200000,325632,21.200000,325632,21.200000,1024,0.066667,377705,229,320,240,yuv420p,1:1,P,318,0,0,0,0,unknown,unknown,unknown,unknown,left
video,0,0,326656,21.266667,326656,21.266667,326656,21.266667,1024,0.066667,380271,140,320,240,yuv420p,1:1,B,320,0,0,0,0,unknown,unknown,unknown,unknown,left
video,0,0,327680,21.333333,327680,21.333333,327680,21.333333,1024,0.066667,381450,127,320,240,yuv420p,1:1,B,321,0,0,0,0,unknown,unknown,unknown,unknown,left
video,0,0,328704,21.400000,328704,21.400000,328704,21.400000,1024,0.066667,378970,281,320,240,yuv420p,1:1,P,319,0,0,0,0,unknown,unknown,unknown,unknown,left
video,0,0,329728,21.466667,329728,21.466667,329728,21.466667,1024,0.066667,384205,65,320,240,yuv420p,1:1,B,323,0,0,0,0,unknown,unknown,unknown,unknown,left
video,0,0,330752,21.533333,330752,21.533333,330752,21.533333,1024,0.066667,382628,200,320,240,yuv420p,1:1,P,322,0,0,0,0,unknown,unknown,unknown,unknown,left
video,0,0,331776,21.600000,331776,21.600000,331776,21.600000,1024,0.066667,386476,47,320,240,yuv420p,1:1,B,325,0,0,0,0,unknown,unknown,unknown,unknown,left
video,0,0,332800,21.666667,332800,21.666667,332800,21.666667,1024,0.066667,385306,171,320,240,yuv420p,1:1,P,324,0,0,0,0,unknown,unknown,unknown,unknown,left
video,0,1,333824,21.733333,333824,21.733333,333824,21.733333,1024,0.066667,387510,508,320,240,yuv420p,1:1,I,326,0,0,0,0,unknown,unknown,unknown,unknown,left
video,0,0,334848,21.800000,334848,21.800000,334848,21.800000,1024,0.066667,390113,13,320,240,yuv420p,1:1,B,328,0,0,0,0,unknown,unknown,unknown,unknown,left
video,0,0,335872,21.866667,335872,21.866667,335872,21.866667,1024,0.066667,391147,12,320,240,yuv420p,1:1,B,329,0,0,0,0,unknown,unknown,unknown,unknown,left
video,0,0,336896,21.933333,336896,21.933333,336896,21.933333,1024,0.066667,389061,26,320,240,yuv420p,1:1,P,327,0,0,0,0,unknown,unknown,unknown,unknown,left
video,0,0,337920,22.000000,337920,22.000000,337920,22.000000,1024,0.066667,394645,13,320,240,yuv420p,1:1,B,332,0,0,0,0,unknown,unknown,unknown,unknown,left
video,0,0,338944,22.066667,338944,22.066667,338944,22.066667,1024,0.066667,393611,14,320,240,yuv420p,1:1,B,331,0,0,0,0,unknown,unknown,unknown,unknown,left
video,0,0,339968,22.133333,339968,22.133333,339968,22.133333,1024,0.066667,395687,12,320,240,yuv420p,1:1,B,333,0,0,0,0,unknown,unknown,unknown,unknown,left
video,0,0,340992,22.200000,340992,22.200000,340992,22.200000,1024,0.066667,392210,19,320,240,yuv420p,1:1,P,330,0,0,0,0,unknown,unknown,unknown,unknown,left
video,0,0,342016,22.266667,342016,22.266667,342016,22.266667,1024,0.066667,397766,12,320,240,yuv420p,1:1,B,335,0,0,0,0,unknown,unknown,unknown,unknown,left
video,0,0,343040,22.333333,343040,22.333333,343040,22.333333,1024,0.066667,396741,19,320,240,yuv420p,1:1,P,334,0,0,0,0,unknown,unknown,unknown,unknown,left
video,0,0,344064,22.400000,344064,22.400000,344064,22.400000,1024,0.066667,399852,12,320,240,yuv420p,1:1,B,337,0,0,0,0,unknown,unknown,unknown,unknown,left
video,0,0,345088,22.466667,345088,22.466667,345088,22.466667,1024,0.066667,398823,17,320,240,yuv420p,1:1,P,336,0,0,0,0,unknown,unknown,unknown,unknown,left
video,0,0,346112,22.533333,346112,22.533333,346112,22.533333,1024,0.066667,403345,13,320,240,yuv420p,1:1,B,340,0,0,0,0,unknown,unknown,unknown,unknown,left
video,0,0,347136,22.600000,347136,22.600000,347136,22.600000,1024,0.066667,402314,14,320,240,yuv420p,1:1,B,339,0,0,0,0,unknown,unknown,unknown,unknown,left
video,0,0,348160,22.666667,348160,22.666667,348160,22.666667,1024,0.066667,404359,12,320,240,yuv420p,1:1,B,341,0,0,0,0,unknown,unknown,unknown,unknown,left
video,0,0,349184,22.733333,349184,22.733333,349184,22.733333,1024,0.066667,400882,15,320,240,yuv420p,1:1,P,338,0,0,0,0,unknown,unknown,unknown,unknown,left
video,0,0,350208,22.800000,350208,22.800000,350208,22.800000,1024,0.066667,406423,12,320,240,yuv420p,1:1,B,343,0,0,0,0,unknown,unknown,unknown,unknown,left
video,0,0,351232,22.866667,351232,22.866667,351232,22.866667,1024,0.066667,405380,15,320,240,yuv420p,1:1,P,342,0,0,0,0,unknown,unknown,unknown,unknown,left
video,0,0,352256,22.933333,352256,22.933333,352256,22.933333,1024,0.066667,408505,14,320,240,yuv420p,1:1,B,345,0,0,0,0,unknown,unknown,unknown,unknown,left
video,0,0,353280,23.000000,353280,23.000000,353280,23.000000,1024,0.066667,409561,12,320,240,yuv420p,1:1,B,346,0,0,0,0,unknown,unknown,unknown,unknown,left
video,0,0,354304,23.066667,354304,23.066667,354304,23.066667,1024,0.066667,407471,22,320,240,yuv420p,1:1,P,344,0,0,0,0,unknown,unknown,unknown,unknown,left
video,0,0,355328,23.133333,355328,23.133333,355328,23.133333,1024,0.066667,413048,13,320,240,yuv420p,1:1,B,349,0,0,0,0,unknown,unknown,unknown,unknown,left
video,0,0,356352,23.200000,356352,23.200000,356352,23.200000,1024,0.066667,411995,14,320,240,yuv420p,1:1,B,348,0,0,0,0,unknown,unknown,unknown,unknown,left
video,0,0,357376,23.266667,357376,23.266667,357376,23.266667,1024,0.066667,414096,12,320,240,yuv420p,1:1,B,350,0,0,0,0,unknown,unknown,unknown,unknown,left
video,0,0,358400,23.333333,358400,23.333333,358400,23.333333,1024,0.066667,410934,28,320,240,yuv420p,1:1,P,347,0,0,0,0,unknown,unknown,unknown,unknown,left
video,0,0,359424,23.400000,359424,23.400000,359424,23.400000,1024,0.066667,416231,14,320,240,yuv420p,1:1,B,352,0,0,0,0,unknown,unknown,unknown,unknown,left
video,0,0,360448,23.466667,360448,23.466667,360448,23.466667,1024,0.066667,417250,12,320,240,yuv420p,1:1,B,353,0,0,0,0,unknown,unknown,unknown,unknown,left
video,0,0,361472,23.533333,361472,23.533333,361472,23.533333,1024,0.066667,415148,39,320,240,yuv420p,1:1,P,351,0,0,0,0,unknown,unknown,unknown,unknown,left
video,0,1,362496,23.600000,362496,23.600000,362496,23.600000,1024,0.066667,418263,1029,320,240,yuv420p,1:1,I,354,0,0,0,0,unknown,unknown,unknown,unknown,left
video,0,0,363520,23.666667,363520,23.666667,363520,23.666667,1024,0.066667,422752,13,320,240,yuv420p,1:1,B,357,0,0,0,0,unknown,unknown,unknown,unknown,left
video,0,0,364544,23.733333,364544,23.733333,364544,23.733333,1024,0.066667,421685,12,320,240,yuv420p,1:1,B,356,0,0,0,0,unknown,unknown,unknown,unknown,left
video,0,0,365568,23.800000,365568,23.800000,365568,23.800000,1024,0.066667,423814,12,320,240,yuv420p,1:1,B,358,0,0,0,0,unknown,unknown,unknown,unknown,left
video,0,0,366592,23.866667,366592,23.866667,366592,23.866667,1024,0.066667,420659,17,320,240,yuv420p,1:1,P,355,0,0,0,0,unknown,unknown,unknown,unknown,left
video,0,0,367616,23.933333,367616,23.933333,367616,23.933333,1024,0.066667,426927,13,320,240,yuv420p,1:1,B,361,0,0,0,0,unknown,unknown,unknown,unknown,left
video,0,0,368640,24.000000,368640,24.000000,368640,24.000000,1024,0.066667,425900,14,320,240,yuv420p,1:1,B,360,0,0,0,0,unknown,unknown,unknown,unknown,left
video,0,0,369664,24.066667,369664,24.066667,369664,24.066667,1024,0.066667,427955,12,320,240,yuv420p,1:1,B,362,0,0,0,0,unknown,unknown,unknown,unknown,left
video,0,0,370688,24.133333,370688,24.133333,370688,24.133333,1024,0.066667,424865,22,320,240,yuv420p,1:1,P,359,0,0,0,0,unknown,unknown,unknown,unknown,left
video,0,0,371712,24.200000,371712,24.200000,371712,24.200000,1024,0.066667,431413,13,320,240,yuv420p,1:1,B,365,0,0,0,0,unknown,unknown,unknown,unknown,left
video,0,0,372736,24.266667,372736,24.266667,372736,24.266667,1024,0.066667,430390,14,320,240,yuv420p,1:1,B,364,0,0,0,0,unknown,unknown,unknown,unknown,left
video,0,0,373760,24.333333,373760,24.333333,373760,24.333333,1024,0.066667,432463,12,320,240,yuv420p,1:1,B,366,0,0,0,0,unknown,unknown,unknown,unknown,left
video,0,0,374784,24.400000,374784,24.400000,374784,24.400000,1024,0.066667,429330,25,320,240,yuv420p,1:1,P,363,0,0,0,0,unknown,unknown,unknown,unknown,left
video,0,0,375808,24.466667,375808,24.466667,375808,24.466667,1024,0.066667,435631,13,320,240,yuv420p,1:1,B,369,0,0,0,0,unknown,unknown,unknown,unknown,left
video,0,0,376832,24.533333,376832,24.533333,376832,24.533333,1024,0.066667,434553,15,320,240,yuv420p,1:1,B,368,0,0,0,0,unknown,unknown,unknown,unknown,left
video,0,0,377856,24.600000,377856,24.600000,377856,24.600000,1024,0.066667,436671,12,320,240,yuv420p,1:1,B,370,0,0,0,0,unknown,unknown,unknown,unknown,left
video,0,0,378880,24.666667,378880,24.666667,378880,24.666667,1024,0.066667,433489,47,320,240,yuv420p,1:1,P,367,0,0,0,0,unknown,unknown,unknown,unknown,left
video,0,0,379904,24.733333,379904,24.733333,379904,24.733333,1024,0.066667,440163,15,320,240,yuv420p,1:1,B,373,0,0,0,0,unknown,unknown,unknown,unknown,left
video,0,0,380928,24.800000,380928,24.800000,380928,24.800000,1024,0.066667,439096,14,320,240,yuv420p,1:1,B,372,0,0,0,0,unknown,unknown,unknown,unknown,left
video,0,0,381952,24.866667,381952,24.866667,381952,24.866667,1024,0.066667,441208,12,320,240,yuv420p,1:1,B,374,0,0,0,0,unknown,unknown,unknown,unknown,left
video,0,0,382976,24.933333,382976,24.933333,382976,24.933333,1024,0.066667,438045,47,320,240,yuv420p,1:1,P,371,0,0,0,0,unknown,unknown,unknown,unknown,left
video,0,0,384000,25.000000,384000,25.000000,384000,25.000000,1024,0.066667,443291,12,320,240,yuv420p,1:1,B,376,0,0,0,0,unknown,unknown,unknown,unknown,left
video,0,0,385024,25.066667,385024,25.066667,385024,25.066667,1024,0.066667,442223,42,320,240,yuv420p,1:1,P,375,0,0,0,0,unknown,unknown,unknown,unknown,left
video,0,0,386048,25.133333,386048,25.133333,386048,25.133333,1024,0.066667,445382,12,320,240,yuv420p,1:1,B,378,0,0,0,0,unknown,unknown,unknown,unknown,left
video,0,0,387072,25.200000,387072,25.200000,387072,25.200000,1024,0.066667,444334,27,320,240,yuv420p,1:1,P,377,0,0,0,0,unknown,unknown,unknown,unknown,left
video,0,0,388096,25.266667,388096,25.266667,388096,25.266667,1024,0.066667,447830,12,320,240,yuv420p,1:1,B,380,0,0,0,0,unknown,unknown,unknown,unknown,left
video,0,0,389120,25.333333,389120,25.333333,389120,25.333333,1024,0.066667,446774,23,320,240,yuv420p,1:1,P,379,0,0,0,0,unknown,unknown,unknown,unknown,left
video,0,0,390144,25.400000,390144,25.400000,390144,25.400000,1024,0.066667,449921,12,320,240,yuv420p,1:1,B,382,0,0,0,0,unknown,unknown,unknown,unknown,left
video,0,0,391168,25.466667,391168,25.466667,391168,25.466667,1024,0.066667,448875,13,320,240,yuv420p,1:1,P,381,0,0,0,0,unknown,unknown,unknown,unknown,left
video,0,0,392192,25.533333,392192,25.533333,392192,25.533333,1024,0.066667,452004,12,320,240,yuv420p,1:1,B,384,0,0,0,0,unknown,unknown,unknown,unknown,left
video,0,0,393216,25.600000,393216,25.600000,393216,25.600000,1024,0.066667,450963,18,320,240,yuv420p,1:1,P,383,0,0,0,0,unknown,unknown,unknown,unknown,left
video,0,0,394240,25.666667,394240,25.666667,394240,25.666667,1024,0.066667,453039,13,320,240,yuv420p,1:1,P,385,0,0,0,0,unknown,unknown,unknown,unknown,left
video,0,1,395264,25.733333,395264,25.733333,395264,25.733333,1024,0.066667,454059,830,320,240,yuv420p,1:1,I,386,0,0,0,0,unknown,unknown,unknown,unknown,left
video,0,0,396288,25.800000,396288,25.800000,396288,25.800000,1024,0.066667,458397,15,320,240,yuv420p,1:1,B,389,0,0,0,0,unknown,unknown,unknown,unknown,left
video,0,0,397312,25.866667,397312,25.866667,397312,25.866667,1024,0.066667,457351,28,320,240,yuv420p,1:1,B,388,0,0,0,0,unknown,unknown,unknown,unknown,left
video,0,0,398336,25.933333,398336,25.933333,398336,25.933333,1024,0.066667,459430,13,320,240,yuv420p,1:1,B,390,0,0,0,0,unknown,unknown,unknown,unknown,left
video,0,0,399360,26.000000,399360,26.000000,399360,26.000000,1024,0.066667,456265,72,320,240,yuv420p,1:1,P,387,0,0,0,0,unknown,unknown,unknown,unknown,left
video,0,0,400384,26.066667,400384,26.066667,400384,26.066667,1024,0.066667,462590,12,320,240,yuv420p,1:1,B,393,0,0,0,0,unknown,unknown,unknown,unknown,left
video,0,0,401408,26.133333,401408,26.133333,401408,26.133333,1024,0.066667,461550,22,320,240,yuv420p,1:1,B,392,0,0,0,0,unknown,unknown,unknown,unknown,left
video,0,0,402432,26.200000,402432,26.200000,402432,26.200000,1024,0.066667,463640,12,320,240,yuv420p,1:1,B,394,0,0,0,0,unknown,unknown,unknown,unknown,left
video,0,0,403456,26.266667,403456,26.266667,403456,26.266667,1024,0.066667,460465,74,320,240,yuv420p,1:1,P,391,0,0,0,0,unknown,unknown,unknown,unknown,left
video,0,0,404480,26.333333,404480,26.333333,404480,26.333333,1024,0.066667,467182,13,320,240,yuv420p,1:1,B,397,0,0,0,0,unknown,unknown,unknown,unknown,left
video,0,0,405504,26.400000,405504,26.400000,405504,26.400000,1024,0.066667,466118,26,320,240,yuv420p,1:1,B,396,0,0,0,0,unknown,unknown,unknown,unknown,left
video,0,0,406528,26.466667,406528,26.466667,406528,26.466667,1024,0.066667,468221,14,320,240,yuv420p,1:1,B,398,0,0,0,0,unknown,unknown,unknown,unknown,left
video,0,0,407552,26.533333,407552,26.533333,407552,26.533333,1024,0.066667,465024,71,320,240,yuv420p,1:1,P,395,0,0,0,0,unknown,unknown,unknown,unknown,left
video,0,0,408576,26.600000,408576,26.600000,408576,26.600000,1024,0.066667,469245,64,320,240,yuv420p,1:1,P,399,0,0,0,0,unknown,unknown,unknown,unknown,left
video,0,0,409600,26.666667,409600,26.666667,409600,26.666667,1024,0.066667,471548,68,320,240,yuv420p,1:1,B,401,0,0,0,0,unknown,unknown,unknown,unknown,left
video,0,0,410624,26.733333,410624,26.733333,410624,26.733333,1024,0.066667,470342,195,320,240,yuv420p,1:1,P,400,0,0,0,0,unknown,unknown,unknown,unknown,left
video,0,0,411648,26.800000,411648,26.800000,411648,26.800000,1024,0.066667,474191,83,320,240,yuv420p,1:1,B,403,0,0,0,0,unknown,unknown,unknown,unknown,left
video,0,0,412672,26.866667,412672,26.866667,412672,26.866667,1024,0.066667,472658,187,320,240,yuv420p,1:1,P,402,0,0,0,0,unknown,unknown,unknown,unknown,left
video,0,0,413696,26.933333,413696,26.933333,413696,26.933333,1024,0.066667,475331,138,320,240,yuv420p,1:1,P,404,0,0,0,0,unknown,unknown,unknown,unknown,left
video,0,0,414720,27.000000,414720,27.000000,414720,27.000000,1024,0.066667,477806,114,320,240,yuv420p,1:1,B,406,0,0,0,0,unknown,unknown,unknown,unknown,left
video,0,0,415744,27.066667,415744,27.066667,415744,27.066667,1024,0.066667,476477,289,320,240,yuv420p,1:1,P,405,0,0,0,0,unknown,unknown,unknown,unknown,left
video,0,0,416768,27.133333,416768,27.133333,416768,27.133333,1024,0.066667,481568,107,320,240,yuv420p,1:1,B,409,0,0,0,0,unknown,unknown,unknown,unknown,left
video,0,0,417792,27.200000,417792,27.200000,417792,27.200000,1024,0.066667,480354,198,320,240,yuv420p,1:1,B,408,0,0,0,0,unknown,unknown,unknown,unknown,left
video,0,0,418816,27.266667,418816,27.266667,418816,27.266667,1024,0.066667,482703,67,320,240,yuv420p,1:1,B,410,0,0,0,0,unknown,unknown,unknown,unknown,left
video,0,0,419840,27.333333,419840,27.333333,419840,27.333333,1024,0.066667,478975,350,320,240,yuv420p,1:1,P,407,0,0,0,0,unknown,unknown,unknown,unknown,left
video,0,0,420864,27.400000,420864,27.400000,420864,27.400000,1024,0.066667,486521,54,320,240,yuv420p,1:1,B,413,0,0,0,0,unknown,unknown,unknown,unknown,left
video,0,0,421888,27.466667,421888,27.466667,421888,27.466667,1024,0.066667,485414,84,320,240,yuv420p,1:1,B,412,0,0,0,0,unknown,unknown,unknown,unknown,left
video,0,0,422912,27.533333,422912,27.533333,422912,27.533333,1024,0.066667,487597,39,320,240,yuv420p,1:1,B,414,0,0,0,0,unknown,unknown,unknown,unknown,left
video,0,0,423936,27.600000,423936,27.600000,423936,27.600000,1024,0.066667,484146,214,320,240,yuv420p,1:1,P,411,0,0,0,0,unknown,unknown,unknown,unknown,left
video,0,0,424960,27.666667,424960,27.666667,424960,27.666667,1024,0.066667,489798,46,320,240,yuv420p,1:1,B,416,0,0,0,0,unknown,unknown,unknown,unknown,left
video,0,0,425984,27.733333,425984,27.733333,425984,27.733333,1024,0.066667,490877,20,320,240,yuv420p,1:1,B,417,0,0,0,0,unknown,unknown,unknown,unknown,left
video,0,0,427008,27.800000,427008,27.800000,427008,27.800000,1024,0.066667,488665,122,320,240,yuv420p,1:1,P,415,0,0,0,0,unknown,unknown,unknown,unknown,left
video,0,1,428032,27.866667,428032,27.866667,428032,27.866667,1024,0.066667,491914,474,320,240,yuv420p,1:1,I,418,0,0,0,0,unknown,unknown,unknown,unknown,left
video,0,0,429056,27.933333,429056,27.933333,429056,27.933333,1024,0.066667,495987,48,320,240,yuv420p,1:1,B,421,0,0,0,0,unknown,unknown,unknown,unknown,left
video,0,0,430080,28.000000,430080,28.000000,430080,28.000000,1024,0.066667,494908,89,320,240,yuv420p,1:1,B,420,0,0,0,0,unknown,unknown,unknown,unknown,left
video,0,0,431104,28.066667,431104,28.066667,431104,28.066667,1024,0.066667,497064,60,320,240,yuv420p,1:1,B,422,0,0,0,0,unknown,unknown,unknown,unknown,left
video,0,0,432128,28.133333,432128,28.133333,432128,28.133333,1024,0.066667,493755,114,320,240,yuv420p,1:1,P,419,0,0,0,0,unknown,unknown,unknown,unknown,left
video,0,0,433152,28.200000,433152,28.200000,433152,28.200000,1024,0.066667,499306,48,320,240,yuv420p,1:1,B,424,0,0,0,0,unknown,unknown,unknown,unknown,left
video,0,0,434176,28.266667,434176,28.266667,434176,28.266667,1024,0.066667,498148,117,320,240,yuv420p,1:1,P,423,0,0,0,0,unknown,unknown,unknown,unknown,left
video,0,0,435200,28.333333,435200,28.333333,435200,28.333333,1024,0.066667,502925,26,320,240,yuv420p,1:1,B,427,0,0,0,0,unknown,unknown,unknown,unknown,left
video,0,0,436224,28.400000,436224,28.400000,436224,28.400000,1024,0.066667,501523,57,320,240,yuv420p,1:1,B,426,0,0,0,0,unknown,unknown,unknown,unknown,left
video,0,0,437248,28.466667,437248,28.466667,437248,28.466667,1024,0.066667,503982,32,320,240,yuv420p,1:1,B,428,0,0,0,0,unknown,unknown,unknown,unknown,left
video,0,0,438272,28.533333,438272,28.533333,438272,28.533333,1024,0.066667,500397,115,320,240,yuv420p,1:1,P,425,0,0,0,0,unknown,unknown,unknown,unknown,left
video,0,0,439296,28.600000,439296,28.600000,439296,28.600000,1024,0.066667,507319,35,320,240,yuv420p,1:1,B,431,0,0,0,0,unknown,unknown,unknown,unknown,left
video,0,0,440320,28.666667,440320,28.666667,440320,28.666667,1024,0.066667,506222,71,320,240,yuv420p,1:1,B,430,0,0,0,0,unknown,unknown,unknown,unknown,left
video,0,0,441344,28.733333,441344,28.733333,441344,28.733333,1024,0.066667,508385,34,320,240,yuv420p,1:1,B,432,0,0,0,0,unknown,unknown,unknown,unknown,left
video,0,0,442368,28.800000,442368,28.800000,442368,28.800000,1024,0.066667,505031,133,320,240,yuv420p,1:1,P,429,0,0,0,0,unknown,unknown,unknown,unknown,left
video,0,0,443392,28.866667,443392,28.866667,443392,28.866667,1024,0.066667,510598,32,320,240,yuv420p,1:1,B,434,0,0,0,0,unknown,unknown,unknown,unknown,left
video,0,0,444416,28.933333,444416,28.933333,444416,28.933333,1024,0.066667,509475,98,320,240,yuv420p,1:1,P,433,0,0,0,0,unknown,unknown,unknown,unknown,left
video,0,0,445440,29.000000,445440,29.000000,445440,29.000000,1024,0.066667,514284,40,320,240,yuv420p,1:1,B,437,0,0,0,0,unknown,unknown,unknown,unknown,left
video,0,0,446464,29.066667,446464,29.066667,446464,29.066667,1024,0.066667,513184,70,320,240,yuv420p,1:1,B,436,0,0,0,0,unknown,unknown,unknown,unknown,left
video,0,0,447488,29.133333,447488,29.133333,447488,29.133333,1024,0.066667,515375,42,320,240,yuv420p,1:1,B,438,0,0,0,0,unknown,unknown,unknown,unknown,left
video,0,0,448512,29.200000,448512,29.200000,448512,29.200000,1024,0.066667,511957,143,320,240,yuv420p,1:1,P,435,0,0,0,0,unknown,unknown,unknown,unknown,left
video,0,0,449536,29.266667,449536,29.266667,449536,29.266667,1024,0.066667,518700,34,320,240,yuv420p,1:1,B,441,0,0,0,0,unknown,unknown,unknown,unknown,left
video,0,0,450560,29.333333,450560,29.333333,450560,29.333333,1024,0.066667,517611,74,320,240,yuv420p,1:1,B,440,0,0,0,0,unknown,unknown,unknown,unknown,left
video,0,0,451584,29.400000,451584,29.400000,451584,29.400000,1024,0.066667,519772,35,320,240,yuv420p,1:1,B,442,0,0,0,0,unknown,unknown,unknown,unknown,left
video,0,0,452608,29.466667,452608,29.466667,452608,29.466667,1024,0.066667,516413,155,320,240,yuv420p,1:1,P,439,0,0,0,0,unknown,unknown,unknown,unknown,left
video,0,0,453632,29.533333,453632,29.533333,453632,29.533333,1024,0.066667,523449,52,320,240,yuv420p,1:1,B,445,0,0,0,0,unknown,unknown,unknown,unknown,left
video,0,0,454656,29.600000,454656,29.600000,454656,29.600000,1024,0.066667,522320,92,320,240,yuv420p,1:1,B,444,0,0,0,0,unknown,unknown,unknown,unknown,left
video,0,0,455680,29.666667,455680,29.666667,455680,29.666667,1024,0.066667,524540,39,320,240,yuv420p,1:1,B,446,0,0,0,0,unknown,unknown,unknown,unknown,left
video,0,0,456704,29.733333,456704,29.733333,456704,29.733333,1024,0.066667,521163,127,320,240,yuv420p,1:1,P,443,0,0,0,0,unknown,unknown,unknown,unknown,left
video,0,0,457728,29.800000,457728,29.800000,457728,29.800000,1024,0.066667,526717,17,320,240,yuv420p,1:1,B,448,0,0,0,0,unknown,unknown,unknown,unknown,left
video,0,0,458752,29.866667,458752,29.866667,458752,29.866667,1024,0.066667,525609,81,320,240,yuv420p,1:1,P,447,0,0,0,0,unknown,unknown,unknown,unknown,left
video,0,0,459776,29.933333,459776,29.933333,459776,29.933333,1024,0.066667,530291,25,320,240,yuv420p,1:1,B,451,0,0,0,0,unknown,unknown,unknown,unknown,left
video,0,0,460800,30.000000,460800,30.000000,460800,30.000000,1024,0.066667,528890,51,320,240,yuv420p,1:1,B,450,0,0,0,0,unknown,unknown,unknown,unknown,left
video,0,0,461824,30.066667,461824,30.066667,461824,30.066667,1024,0.066667,531367,36,320,240,yuv420p,1:1,B,452,0,0,0,0,unknown,unknown,unknown,unknown,left
video,0,0,462848,30.133333,462848,30.133333,462848,30.133333,1024,0.066667,527741,126,320,240,yuv420p,1:1,P,449,0,0,0,0,unknown,unknown,unknown,unknown,left
video,0,0,463872,30.200000,463872,30.200000,463872,30.200000,1024,0.066667,534711,33,320,240,yuv420p,1:1,B,455,0,0,0,0,unknown,unknown,unknown,unknown,left
video,0,0,464896,30.266667,464896,30.266667,464896,30.266667,1024,0.066667,533611,83,320,240,yuv420p,1:1,B,454,0,0,0,0,unknown,unknown,unknown,unknown,left
video,0,0,465920,30.333333,465920,30.333333,465920,30.333333,1024,0.066667,535772,36,320,240,yuv420p,1:1,B,456,0,0,0,0,unknown,unknown,unknown,unknown,left
video,0,0,466944,30.400000,466944,30.400000,466944,30.400000,1024,0.066667,532433,140,320,240,yuv420p,1:1,P,453,0,0,0,0,unknown,unknown,unknown,unknown,left
video,0,0,467968,30.466667,467968,30.466667,467968,30.466667,1024,0.066667,537933,34,320,240,yuv420p,1:1,B,458,0,0,0,0,unknown,unknown,unknown,unknown,left
video,0,0,468992,30.533333,468992,30.533333,468992,30.533333,1024,0.066667,536832,91,320,240,yuv420p,1:1,P,457,0,0,0,0,unknown,unknown,unknown,unknown,left
video,0,0,470016,30.600000,470016,30.600000,470016,30.600000,1024,0.066667,540466,23,320,240,yuv420p,1:1,B,460,0,0,0,0,unknown,unknown,unknown,unknown,left
video,0,0,471040,30.666667,N/A,N/A,471040,30.666667,1024,0.066667,539342,81,320,240,yuv420p,1:1,P,459,0,0,0,0,unknown,unknown,unknown,unknown,left
video,0,0,472064,30.733333,N/A,N/A,472064,30.733333,1024,0.066667,541513,64,320,240,yuv420p,1:1,P,461,0,0,0,0,unknown,unknown,unknown,unknown,left
